"Txhash","Blockno","UnixTimestamp","DateTime","From","To","ContractAddress","Value_IN(ETH)","Value_OUT(ETH)","CurrentValue @ $3179.46/Eth","TxnFee(ETH)","TxnFee(USD)","Historical $Price/Eth","Status","ErrCode","Method"
"0x07effa2ce754c9ed797d587119da16620bccac67947c81bc94a1c5fadef71033","13024338","1628958278","2021-08-14 16:24:38","0x5ea9681c3ab9b5739810f8b91ae65ec47de62119","0x78997e9e939daffe7eb9ed114fbf7128d0cfcd39","","0","0.05","158.973","0.006892935838728114","21.9158137818025","3266.71","","","Purchase",""
"0xe43b885b5b0c928c0e5381811d7669b98a7699372fcdcc4e8bb7154684de5e24","13024338","1628958278","2021-08-14 16:24:38","0x5ea9681c3ab9b5739810f8b91ae65ec47de62119","0x78997e9e939daffe7eb9ed114fbf7128d0cfcd39","","0","0.05","158.973","0.006127885053295254","19.4833654115501","3266.71","","","Purchase",""
"0x7dd6964f884cb8b9a73980441a0439db1dbb43615392e6d1d7d1ce3afc53d0ba","13024338","1628958278","2021-08-14 16:24:38","0x5ea9681c3ab9b5739810f8b91ae65ec47de62119","0x78997e9e939daffe7eb9ed114fbf7128d0cfcd39","","0","0.2","635.892","0.006024989366291754","19.15621269055","3266.71","","","Purchase",""
"0x8ecf910fae52dd714e549a8fd82d343533c06768dd32d8f28777f40fc000dbcb","13024338","1628958278","2021-08-14 16:24:38","0x5ea9681c3ab9b5739810f8b91ae65ec47de62119","0x78997e9e939daffe7eb9ed114fbf7128d0cfcd39","","0","0.09","286.1514","0.006024989366291754","19.15621269055","3266.71","","","Purchase",""
"0x89f89ec229d95c05722f0c23eb368dd35ae73c8bbbdc35a3566b18aa0a21471f","13024338","1628958278","2021-08-14 16:24:38","0x5ea9681c3ab9b5739810f8b91ae65ec47de62119","0x78997e9e939daffe7eb9ed114fbf7128d0cfcd39","","0","0.2","635.892","0.006159163322943648","19.5828134187664","3266.71","","","Purchase",""
"0xf9701b0b90fb2db6a343c3e9315c702b345349bdfce3805bfef01e5d5eeeac80","13024341","1628958286","2021-08-14 16:24:46","0x5ea9681c3ab9b5739810f8b91ae65ec47de62119","0x78997e9e939daffe7eb9ed114fbf7128d0cfcd39","","0","0.15","476.919","0.006159163322943648","19.5828134187664","3266.71","","","Purchase",""
"0x8d3adca5fe73a2187e93ca79293e4c3d4a1228052df79aa95fb738c3708dd493","13024341","1628958286","2021-08-14 16:24:46","0x5ea9681c3ab9b5739810f8b91ae65ec47de62119","0x78997e9e939daffe7eb9ed114fbf7128d0cfcd39","","0","0.075","238.4595","0.006326536244633415","20.1149689283622","3266.71","","","Purchase",""
"0xffa8f076acf87a17399dfbfabfeb1ee53f241b12e4bf850b544757845b4b3ca3","13024341","1628958286","2021-08-14 16:24:46","0x5ea9681c3ab9b5739810f8b91ae65ec47de62119","0x78997e9e939daffe7eb9ed114fbf7128d0cfcd39","","0","0.15","476.919","0.006326536244633415","20.1149689283622","3266.71","","","Purchase",""
"0x63e8eb7ef0b0f8d2d2339a569bfbb78c49740110a787a61e7a98c26d45e9b1d4","13024343","1628958329","2021-08-14 16:25:29","0x5ea9681c3ab9b5739810f8b91ae65ec47de62119","0x78997e9e939daffe7eb9ed114fbf7128d0cfcd39","","0","0.01","31.7946","0.006326536244633415","20.1149689283622","3266.71","","","Purchase",""
"0x01c7afcc0a38e404bf5f48aa591d59085bbfb35305c2d241db2216b65993da63","13024345","1628958345","2021-08-14 16:25:45","0x5ea9681c3ab9b5739810f8b91ae65ec47de62119","0x78997e9e939daffe7eb9ed114fbf7128d0cfcd39","","0","0.1","317.946","0.005591869648649694","17.7791258730958","3266.71","","","Purchase",""
"0x9aa7c0a8e89ef5a5939f27e91c7770d75713403784ad32e055be4cdba3160486","13024345","1628958345","2021-08-14 16:25:45","0x5ea9681c3ab9b5739810f8b91ae65ec47de62119","0x78997e9e939daffe7eb9ed114fbf7128d0cfcd39","","0","0.185","588.2001","0.005591869648649694","17.7791258730958","3266.71","","","Purchase",""
"0xef49cb512d5decd91af07a4e299cc69198b2eb52a68bd3cf2231cb6f3336ca56","13024345","1628958345","2021-08-14 16:25:45","0x5ea9681c3ab9b5739810f8b91ae65ec47de62119","0x78997e9e939daffe7eb9ed114fbf7128d0cfcd39","","0","0.1","317.946","0.005872780167104232","18.6722696301012","3266.71","","","Purchase",""
"0x04de9e91e3fe322edaad50ba11778e94fc1d79c89b5cadfab50bb9372b450d75","13024348","1628958374","2021-08-14 16:26:14","0x5ea9681c3ab9b5739810f8b91ae65ec47de62119","0x78997e9e939daffe7eb9ed114fbf7128d0cfcd39","","0","0.4","1271.784","0.005872780167104232","18.6722696301012","3266.71","","","Purchase",""
"0x12b3780c2062eec942f1ad85788aa21a6c1f57fad8f75e17d67ac0fc8ce673ca","13024348","1628958374","2021-08-14 16:26:14","0x5ea9681c3ab9b5739810f8b91ae65ec47de62119","0x78997e9e939daffe7eb9ed114fbf7128d0cfcd39","","0","0.08","254.3568","0.005872780167104232","18.6722696301012","3266.71","","","Purchase",""
"0x958d2db57975f4ee5f37be69c1f3b9492fdf4f08f551da598f1284c9d31d1f08","13024349","1628958394","2021-08-14 16:26:34","0x5ea9681c3ab9b5739810f8b91ae65ec47de62119","0x78997e9e939daffe7eb9ed114fbf7128d0cfcd39","","0","0.2","635.892","0.005827503985541865","18.5283158218709","3266.71","","","Purchase",""
"0x79cb4a7051170c37441fce345b85160ffc1941ea57b5747bd2fdb92214638b76","13024350","1628958408","2021-08-14 16:26:48","0x5ea9681c3ab9b5739810f8b91ae65ec47de62119","0x78997e9e939daffe7eb9ed114fbf7128d0cfcd39","","0","0.1","317.946","0.0058844103367518","18.7092472892889","3266.71","","","Purchase",""
"0x0049375955064ae64962611b9a15157f1265f974c8d7d225a396a9cf92470f17","13024350","1628958408","2021-08-14 16:26:48","0x5ea9681c3ab9b5739810f8b91ae65ec47de62119","0x78997e9e939daffe7eb9ed114fbf7128d0cfcd39","","0","0.2","635.892","0.0058844103367518","18.7092472892889","3266.71","","","Purchase",""
"0xfef3ceb84738b7c9cd92c6c347b9c382f728282df426eca2b78a12eda2c51a4f","13024350","1628958408","2021-08-14 16:26:48","0x5ea9681c3ab9b5739810f8b91ae65ec47de62119","0x78997e9e939daffe7eb9ed114fbf7128d0cfcd39","","0","0.1","317.946","0.0058844103367518","18.7092472892889","3266.71","","","Purchase",""
"0xd7539415251b2b5e2bd2e602b6ac95ba349282f1d0ca917f25e41de58baba516","13024350","1628958408","2021-08-14 16:26:48","0x5ea9681c3ab9b5739810f8b91ae65ec47de62119","0x78997e9e939daffe7eb9ed114fbf7128d0cfcd39","","0","0.01","31.7946","0.005703301766179503","18.1334198334971","3266.71","","","Purchase",""
"0x2d04ccd75119a767ae51ce0111c5e9a556cc20e46aafdf73709ffe0323e72abd","13024350","1628958408","2021-08-14 16:26:48","0x5ea9681c3ab9b5739810f8b91ae65ec47de62119","0x78997e9e939daffe7eb9ed114fbf7128d0cfcd39","","0","0.15","476.919","0.005703301766179503","18.1334198334971","3266.71","","","Purchase",""
"0x8ff1f67f20d8d58662cd208dae8a3a303e116940476b65fc7b6f90c081828aa4","13024357","1628958477","2021-08-14 16:27:57","0x5ea9681c3ab9b5739810f8b91ae65ec47de62119","0x78997e9e939daffe7eb9ed114fbf7128d0cfcd39","","0","0.1","317.946","0.005286218846655852","16.8073213741884","3266.71","","","Purchase",""
"0xc8e22a9e3ca37e37fab2c45d8a68e679e22fd6be0d29858a16711ad0b03ca2e4","13024378","1628958730","2021-08-14 16:32:10","0x5ea9681c3ab9b5739810f8b91ae65ec47de62119","0x78997e9e939daffe7eb9ed114fbf7128d0cfcd39","","0","0.06","190.7676","0.00532861055601003","16.9421041184116","3266.71","","","Purchase",""
"0xdb3bbb020c541d28df477300f38e03f8180dd608219c103ee1e931ca763c2d9e","13024378","1628958730","2021-08-14 16:32:10","0x5ea9681c3ab9b5739810f8b91ae65ec47de62119","0x78997e9e939daffe7eb9ed114fbf7128d0cfcd39","","0","0.8","2543.568","0.00532861055601003","16.9421041184116","3266.71","","","Purchase",""
"0xb2bddadc541926bf3c6948c95f08c6b773ffddd7e24b2cda876da4fa5794b360","13024380","1628958746","2021-08-14 16:32:26","0x5ea9681c3ab9b5739810f8b91ae65ec47de62119","0x78997e9e939daffe7eb9ed114fbf7128d0cfcd39","","0","0.1","317.946","0.00532861055601003","16.9421041184116","3266.71","","","Purchase",""
"0xc2145746fd84b0626ff2bc07e6ed2cf422684a34dc2b4e2191a4b705f1324ad1","13024381","1628958752","2021-08-14 16:32:32","0x5ea9681c3ab9b5739810f8b91ae65ec47de62119","0x78997e9e939daffe7eb9ed114fbf7128d0cfcd39","","0","0.5","1589.73","0.005093182385848701","16.1935696685105","3266.71","","","Purchase",""
"0x78735682a41787d21e2bd4a84e9d765eabc53fe2e1e88f49a66ce8fda8916b6d","13024381","1628958752","2021-08-14 16:32:32","0x5ea9681c3ab9b5739810f8b91ae65ec47de62119","0x78997e9e939daffe7eb9ed114fbf7128d0cfcd39","","0","0.099","314.76654","0.005093182385848701","16.1935696685105","3266.71","","","Purchase",""
"0x3608153dad17bcbef48dc9a3b2719446aa0aff8a42935c59c715195db88f48ba","13024381","1628958752","2021-08-14 16:32:32","0x5ea9681c3ab9b5739810f8b91ae65ec47de62119","0x78997e9e939daffe7eb9ed114fbf7128d0cfcd39","","0","0.1","317.946","0.005093182385848701","16.1935696685105","3266.71","","","Purchase",""
"0x746f5bd38d273c5b0ddde7b1ad70035a5fadc092a54e94ac4543d806dc8921cd","13024390","1628958808","2021-08-14 16:33:28","0x5ea9681c3ab9b5739810f8b91ae65ec47de62119","0x78997e9e939daffe7eb9ed114fbf7128d0cfcd39","","0","0.011","34.97406","0.005093182385848701","16.1935696685105","3266.71","","","Purchase",""
"0x4820c264326becce46a78785507c8572f4ec4c57624c4797038060c138bb0e6e","13024390","1628958808","2021-08-14 16:33:28","0x5ea9681c3ab9b5739810f8b91ae65ec47de62119","0x78997e9e939daffe7eb9ed114fbf7128d0cfcd39","","0","0.01","31.7946","0.005329164670108776","16.943865902024","3266.71","","","Purchase",""
"0x43b8cb6ae8095b9146e8932e5d5923956c644f51c79e904dabf245798aa6390c","13024391","1628958834","2021-08-14 16:33:54","0x5ea9681c3ab9b5739810f8b91ae65ec47de62119","0x78997e9e939daffe7eb9ed114fbf7128d0cfcd39","","0","0.02","63.5892","0.005329164670108776","16.943865902024","3266.71","","","Purchase",""
"0x8e80efce747bbb8f6421a0b19981e4cb5df78f8d8c533241ab46ecefa845304a","13024391","1628958834","2021-08-14 16:33:54","0x5ea9681c3ab9b5739810f8b91ae65ec47de62119","0x78997e9e939daffe7eb9ed114fbf7128d0cfcd39","","0","0.03","95.3838","0.004891849397657712","15.5534394858768","3266.71","","","Purchase",""
"0xade1d22ec0895781322c01e46a25067f8c44899befb3a23dd6f72450656dc91e","13024391","1628958834","2021-08-14 16:33:54","0x5ea9681c3ab9b5739810f8b91ae65ec47de62119","0x78997e9e939daffe7eb9ed114fbf7128d0cfcd39","","0","0.01","31.7946","0.005340965789828556","16.9813870901283","3266.71","","","Purchase",""
"0xe8668a0c29cd3ef0c21b228bf79f16fa926667c4351e5bfff64b64db3f412771","13024391","1628958834","2021-08-14 16:33:54","0x5ea9681c3ab9b5739810f8b91ae65ec47de62119","0x78997e9e939daffe7eb9ed114fbf7128d0cfcd39","","0","0.1","317.946","0.005340965789828556","16.9813870901283","3266.71","","","Purchase",""
"0xc87b0482af9ec7bdf8b11bdfa5ab6a018b7681e598797f4652ae400818a99e88","13024392","1628958900","2021-08-14 16:35:00","0x5ea9681c3ab9b5739810f8b91ae65ec47de62119","0x78997e9e939daffe7eb9ed114fbf7128d0cfcd39","","0","0.15","476.919","0.005340965789828556","16.9813870901283","3266.71","","","Purchase",""
"0xdbf60d40919bdd408691c252bb68e1f906c884bf037a3923bea6dd2ebe40c851","13024392","1628958900","2021-08-14 16:35:00","0x5ea9681c3ab9b5739810f8b91ae65ec47de62119","0x78997e9e939daffe7eb9ed114fbf7128d0cfcd39","","0","0.01","31.7946","0.005340965789828556","16.9813870901283","3266.71","","","Purchase",""
"0x1217c9474eb3e68d3407ebff34d38732175cfb99058c205160a216196a9b1260","13024398","1628958970","2021-08-14 16:36:10","0x5ea9681c3ab9b5739810f8b91ae65ec47de62119","0x78997e9e939daffe7eb9ed114fbf7128d0cfcd39","","0","0.5","1589.73","0.001175790694951762","3.73837948297133","3266.71","Error(0)","Reverted","Purchase",""
"0xfc7223d497c8bce9e3f41ac1a6914d78a2f3c8342f268db0e3f9377a6afbd84c","13024848","1628964990","2021-08-14 18:16:30","0x5ea9681c3ab9b5739810f8b91ae65ec47de62119","0x78997e9e939daffe7eb9ed114fbf7128d0cfcd39","","0","0.01","31.7946","0.001203435","3.8262734451","3266.71","Error(0)","Reverted","Purchase",""
"0x1e93232aeb6a6cd06d09629d2b559edaf3b1f4923dd5061176b6730220279692","13024857","1628965117","2021-08-14 18:18:37","0x5ea9681c3ab9b5739810f8b91ae65ec47de62119","0x78997e9e939daffe7eb9ed114fbf7128d0cfcd39","","0","0.011","34.97406","0.001390636","4.42147153656","3266.71","Error(0)","Reverted","Purchase",""
"0xb588d5dfdbc53b1f74c531c0696dfc3a66e7db6d8ca6bcc75bc3541b5854f900","13024862","1628965180","2021-08-14 18:19:40","0x5ea9681c3ab9b5739810f8b91ae65ec47de62119","0x78997e9e939daffe7eb9ed114fbf7128d0cfcd39","","0","0.023","73.12758","0.004799585798558631","15.2600910630852","3266.71","","","Purchase",""
"0x8bf9ba1a32f6ab6fd688115c168ff96fcfa422c63e5bbf616e0e18c19e9358fe","13024862","1628965180","2021-08-14 18:19:40","0x5ea9681c3ab9b5739810f8b91ae65ec47de62119","0x78997e9e939daffe7eb9ed114fbf7128d0cfcd39","","0","0.01","31.7946","0.001113065055549949","3.53894582151884","3266.71","Error(0)","Reverted","Purchase",""
"0xcdfa062b5f0261906c0f9404922e4046bb57c6ec9e499763bed5d6f9daeabb80","13024862","1628965180","2021-08-14 18:19:40","0x5ea9681c3ab9b5739810f8b91ae65ec47de62119","0x78997e9e939daffe7eb9ed114fbf7128d0cfcd39","","0","0.075","238.4595","0.005505682671288126","17.5050978260537","3266.71","Error(0)","Out of gas","Purchase",""
"0x90f0138773d38fd96c5674abc5f73ea3c66b170eb45ec1ad074eb9192e5c3839","13024862","1628965180","2021-08-14 18:19:40","0x5ea9681c3ab9b5739810f8b91ae65ec47de62119","0x78997e9e939daffe7eb9ed114fbf7128d0cfcd39","","0","0.1","317.946","0.005913344409674166","18.8012420167826","3266.71","","","Purchase",""
"0x2c678938ec353d250e17603e6b5d47be333b06aa53045f88aa61d02afafb01f6","13024862","1628965180","2021-08-14 18:19:40","0x5ea9681c3ab9b5739810f8b91ae65ec47de62119","0x78997e9e939daffe7eb9ed114fbf7128d0cfcd39","","0","0.01","31.7946","0.005418674101211562","17.2284575578381","3266.71","","","Purchase",""
"0x76ee3e1b7cec019aa1f2d7d7917b221f03107ef707d1d03f0aec144d6c2dca6d","13024862","1628965180","2021-08-14 18:19:40","0x5ea9681c3ab9b5739810f8b91ae65ec47de62119","0x78997e9e939daffe7eb9ed114fbf7128d0cfcd39","","0","0.29","922.0434","0.005520819773942667","17.5532256384598","3266.71","","","Purchase",""
"0x96e06f375450f95975f5541b76134a1271ac004f562d6390829368eeab6d8e4c","13025171","1628969450","2021-08-14 19:30:50","0x5ea9681c3ab9b5739810f8b91ae65ec47de62119","0x78997e9e939daffe7eb9ed114fbf7128d0cfcd39","","0","0.01","31.7946","0.003750113283394644","11.9233351800219","3266.71","","","Purchase",""
"0x22ceceab85f2d6367f61570abcf9b1c9928bebc0226953255f96dd8284a32f05","13025171","1628969450","2021-08-14 19:30:50","0x5ea9681c3ab9b5739810f8b91ae65ec47de62119","0x78997e9e939daffe7eb9ed114fbf7128d0cfcd39","","0","0.02","63.5892","0.003750113283394644","11.9233351800219","3266.71","","","Purchase",""
"0x1bdc88413242e97f417437ccd94f6c690ee267bf11e597a5cd15fac8ce559146","13025174","1628969492","2021-08-14 19:31:32","0x5ea9681c3ab9b5739810f8b91ae65ec47de62119","0x78997e9e939daffe7eb9ed114fbf7128d0cfcd39","","0","0.02","63.5892","0.003750113283394644","11.9233351800219","3266.71","","","Purchase",""
"0x7c2efdd7fe9a47d1f2d19519c527952232400447a8dcf430bdcec60a28268ad9","13025174","1628969492","2021-08-14 19:31:32","0x5ea9681c3ab9b5739810f8b91ae65ec47de62119","0x78997e9e939daffe7eb9ed114fbf7128d0cfcd39","","0","0.01","31.7946","0.003992987578914198","12.6955442876545","3266.71","","","Purchase",""
"0x1ca9ba0547ea8458ff7c1da08211a88e9bcabedd2e2b58601734751610407351","13025174","1628969492","2021-08-14 19:31:32","0x5ea9681c3ab9b5739810f8b91ae65ec47de62119","0x78997e9e939daffe7eb9ed114fbf7128d0cfcd39","","0","0.01","31.7946","0.003992987578914198","12.6955442876545","3266.71","","","Purchase",""
"0x8ff522e99d2dceda8c44e99a9b2f7f3f139daf319dadecb88cf155fa54a0d9e7","13025182","1628969563","2021-08-14 19:32:43","0x5ea9681c3ab9b5739810f8b91ae65ec47de62119","0x78997e9e939daffe7eb9ed114fbf7128d0cfcd39","","0","0.013","41.33298","0.0036786123","11.696000663358","3266.71","","","Purchase",""
"0x58818929bfe478682cd6780d275b4166fc3e0072cfc9efdf4475673308934b17","13025182","1628969563","2021-08-14 19:32:43","0x5ea9681c3ab9b5739810f8b91ae65ec47de62119","0x78997e9e939daffe7eb9ed114fbf7128d0cfcd39","","0","0.011","34.97406","0.0036786123","11.696000663358","3266.71","","","Purchase",""
"0x7e34a037743b9d196a94650bd031a938c15c0c52bbc2fc707457531bf7804f19","13025182","1628969563","2021-08-14 19:32:43","0x5ea9681c3ab9b5739810f8b91ae65ec47de62119","0x78997e9e939daffe7eb9ed114fbf7128d0cfcd39","","0","0.013","41.33298","0.0036786123","11.696000663358","3266.71","","","Purchase",""
"0x4636fe853cb20ffe82e954276d25d395e4207300fb5165a26d3b2e54b6423446","13025182","1628969563","2021-08-14 19:32:43","0x5ea9681c3ab9b5739810f8b91ae65ec47de62119","0x78997e9e939daffe7eb9ed114fbf7128d0cfcd39","","0","0.025","79.4865","0.0036786123","11.696000663358","3266.71","","","Purchase",""
"0x49befe4c41f9a44892ba66bb367bfbcac505108233f32e2d5f867ffea9e01ef8","13025182","1628969563","2021-08-14 19:32:43","0x5ea9681c3ab9b5739810f8b91ae65ec47de62119","0x78997e9e939daffe7eb9ed114fbf7128d0cfcd39","","0","0.035","111.2811","0.004117765022074692","13.0922691770856","3266.71","","","Purchase",""
"0x50d136234f81440ca72e281aa43d45cb3f05052a10fbc20f60b9d20a8e2fafc4","13025182","1628969563","2021-08-14 19:32:43","0x5ea9681c3ab9b5739810f8b91ae65ec47de62119","0x78997e9e939daffe7eb9ed114fbf7128d0cfcd39","","0","0.019","60.40974","0.004117765022074692","13.0922691770856","3266.71","","","Purchase",""
"0x0b36aa6bcc9255d93c47e8324bcae24d6eccc54079469b70669f124970876359","13025182","1628969563","2021-08-14 19:32:43","0x5ea9681c3ab9b5739810f8b91ae65ec47de62119","0x78997e9e939daffe7eb9ed114fbf7128d0cfcd39","","0","0.01","31.7946","0.004117765022074692","13.0922691770856","3266.71","","","Purchase",""
"0x130fc31c7d44d19ef3f90431831089c7e3ebde9365003eaca57ed0d8bf4425a6","13025182","1628969563","2021-08-14 19:32:43","0x5ea9681c3ab9b5739810f8b91ae65ec47de62119","0x78997e9e939daffe7eb9ed114fbf7128d0cfcd39","","0","0.02","63.5892","0.003578367614175855","11.3772766945676","3266.71","","","Purchase",""
"0xe996c6085822877456ae3b9a8fbf3c06d18ab29ca30a352a6cc9fdd316595bba","13025182","1628969563","2021-08-14 19:32:43","0x5ea9681c3ab9b5739810f8b91ae65ec47de62119","0x78997e9e939daffe7eb9ed114fbf7128d0cfcd39","","0","0.025","79.4865","0.003578367614175855","11.3772766945676","3266.71","","","Purchase",""
"0x9e4a736d9e7fcc4f643ba5a2cc7260bd3d486e6bcb8317038333a82cfe087049","13025182","1628969563","2021-08-14 19:32:43","0x5ea9681c3ab9b5739810f8b91ae65ec47de62119","0x78997e9e939daffe7eb9ed114fbf7128d0cfcd39","","0","0.05","158.973","0.003578367614175855","11.3772766945676","3266.71","","","Purchase",""
"0x21da78764c874dea2cee453bc24fc3066a69fc7165da661346d15c4e44ce5e3a","13025184","1628969582","2021-08-14 19:33:02","0x5ea9681c3ab9b5739810f8b91ae65ec47de62119","0x78997e9e939daffe7eb9ed114fbf7128d0cfcd39","","0","0.01","31.7946","0.004101583564314999","13.040820879397","3266.71","","","Purchase",""
"0xc261f591928ef10a650e52cfc62d7e011aae91d5cb75b46e01b9e33921c8d0b5","13025184","1628969582","2021-08-14 19:33:02","0x5ea9681c3ab9b5739810f8b91ae65ec47de62119","0x78997e9e939daffe7eb9ed114fbf7128d0cfcd39","","0","0.09","286.1514","0.003752047322344827","11.9294843795025","3266.71","","","Purchase",""
"0x8aaab11c5806ea5fce8f6729791bb509427e9a9e3392bf561680a2c32004fc76","13025184","1628969582","2021-08-14 19:33:02","0x5ea9681c3ab9b5739810f8b91ae65ec47de62119","0x78997e9e939daffe7eb9ed114fbf7128d0cfcd39","","0","0.05","158.973","0.003752047322344827","11.9294843795025","3266.71","","","Purchase",""
"0xd166e754fa518116697a14503f6c86375e0299d4ababf0d52fe515628d8c81c9","13025184","1628969582","2021-08-14 19:33:02","0x5ea9681c3ab9b5739810f8b91ae65ec47de62119","0x78997e9e939daffe7eb9ed114fbf7128d0cfcd39","","0","0.01","31.7946","0.003752047322344827","11.9294843795025","3266.71","","","Purchase",""
"0x299f87f85f092fe14b8abefa366efae2565aa455d47f15f101187ab4a89a9006","13025293","1628970975","2021-08-14 19:56:15","0x5ea9681c3ab9b5739810f8b91ae65ec47de62119","0x78997e9e939daffe7eb9ed114fbf7128d0cfcd39","","0","0.01","31.7946","0.006457752","20.53216417392","3266.71","","","Purchase",""
"0x78f36f933fe22aa3b7160c86754175dbefb9231b0e0401b105c5dce58f185944","13025563","1628974251","2021-08-14 20:50:51","0x5ea9681c3ab9b5739810f8b91ae65ec47de62119","0x78997e9e939daffe7eb9ed114fbf7128d0cfcd39","","0","0.1","317.946","0.005189265","16.4990604969","3266.71","","","Purchase",""
"0x44f5d10120b6ef857516b8f80e214a4cc98e173cf4b22f3bc626d446e4215b9b","13025566","1628974285","2021-08-14 20:51:25","0x5ea9681c3ab9b5739810f8b91ae65ec47de62119","0x78997e9e939daffe7eb9ed114fbf7128d0cfcd39","","0","0.01","31.7946","0.005189265","16.4990604969","3266.71","","","Purchase",""
"0x3fec064e1eb81b8d919568ecaaf718a822815ecdaaa16d05ae1d7af3be16b5af","13025566","1628974285","2021-08-14 20:51:25","0x5ea9681c3ab9b5739810f8b91ae65ec47de62119","0x78997e9e939daffe7eb9ed114fbf7128d0cfcd39","","0","0.01","31.7946","0.001121592161626886","3.56605741420622","3266.71","Error(0)","Reverted","Purchase",""
"0xdfd566aeb25f7dd67bc1bc19d27aae7445ea3cb26f7e36cfe91fca1cde039622","13025566","1628974285","2021-08-14 20:51:25","0x5ea9681c3ab9b5739810f8b91ae65ec47de62119","0x78997e9e939daffe7eb9ed114fbf7128d0cfcd39","","0","0.236","750.35256","0.004836355057485234","15.376997451072","3266.71","","","Purchase",""
"0x56fc35bab00605a9c6ceffb2e3ae41b271b2f3f1716a7483dac2a2b0afa5a333","13025566","1628974285","2021-08-14 20:51:25","0x5ea9681c3ab9b5739810f8b91ae65ec47de62119","0x78997e9e939daffe7eb9ed114fbf7128d0cfcd39","","0","0.015","47.6919","0.004836355057485234","15.376997451072","3266.71","","","Purchase",""
"0x2c0f27975badca02eb7f3a8980b5fac883bbc029a4c74de7fc8d6693a443cee9","13025566","1628974285","2021-08-14 20:51:25","0x5ea9681c3ab9b5739810f8b91ae65ec47de62119","0x78997e9e939daffe7eb9ed114fbf7128d0cfcd39","","0","0.015","47.6919","0.001121592161626886","3.56605741420622","3266.71","Error(0)","Reverted","Purchase",""
"0xebee0376eb35eefe8b8f8352bd87332466e667cefc6f10c28aea50b9d83056ce","13025566","1628974285","2021-08-14 20:51:25","0x5ea9681c3ab9b5739810f8b91ae65ec47de62119","0x78997e9e939daffe7eb9ed114fbf7128d0cfcd39","","0","0.015","47.6919","0.004836355057485234","15.376997451072","3266.71","","","Purchase",""
"0x0c215ade14453eee3e6e0cff9b0d36fef19ea85f393aeecb7204d1b80bde2549","13025566","1628974285","2021-08-14 20:51:25","0x5ea9681c3ab9b5739810f8b91ae65ec47de62119","0x78997e9e939daffe7eb9ed114fbf7128d0cfcd39","","0","0.03","95.3838","0.006070536091342215","19.3010266809789","3266.71","","","Purchase",""
"0x83d049676efdf65acfa7db67e893f86d79529f98e536db47d7b5a6bbd1256647","13025566","1628974285","2021-08-14 20:51:25","0x5ea9681c3ab9b5739810f8b91ae65ec47de62119","0x78997e9e939daffe7eb9ed114fbf7128d0cfcd39","","0","0.03","95.3838","0.001300404331054138","4.13458355441339","3266.71","Error(0)","Reverted","Purchase",""
"0x305fdf3cc44b937bd01478574058a9541f78e8b8f10265cc1fce331bd1caccdd","13025566","1628974285","2021-08-14 20:51:25","0x5ea9681c3ab9b5739810f8b91ae65ec47de62119","0x78997e9e939daffe7eb9ed114fbf7128d0cfcd39","","0","0.03","95.3838","0.005609918306242566","17.836510857966","3266.71","","","Purchase",""
"0x44b514a459fe9f2fa5379f2872273739c62495f7ee0d2408fb35a94a72a0c80d","13025566","1628974285","2021-08-14 20:51:25","0x5ea9681c3ab9b5739810f8b91ae65ec47de62119","0x78997e9e939daffe7eb9ed114fbf7128d0cfcd39","","0","0.03","95.3838","0.001300988104649314","4.13643963920831","3266.71","Error(0)","Reverted","Purchase",""
"0x6c0f951573b82dac1680d88a40bb630d5ca4e57a2586f751f7b40799595e9a9a","13025566","1628974285","2021-08-14 20:51:25","0x5ea9681c3ab9b5739810f8b91ae65ec47de62119","0x78997e9e939daffe7eb9ed114fbf7128d0cfcd39","","0","0.03","95.3838","0.001152783283953582","3.66522833999906","3266.71","Error(0)","Reverted","Purchase",""
"0x0d576b3973d55911cf2cec2a3641df4d0208b861bc1827b3d7fb8cfaa4e448c1","13025566","1628974285","2021-08-14 20:51:25","0x5ea9681c3ab9b5739810f8b91ae65ec47de62119","0x78997e9e939daffe7eb9ed114fbf7128d0cfcd39","","0","0.05","158.973","0.001152783283953582","3.66522833999906","3266.71","Error(0)","Reverted","Purchase",""
"0xdbe569965bd9ef59f9cd4db33bb841d6c399193076b916606e49a9172a03b53b","13025929","1628979115","2021-08-14 22:11:55","0x5ea9681c3ab9b5739810f8b91ae65ec47de62119","0x78997e9e939daffe7eb9ed114fbf7128d0cfcd39","","0","0.05","158.973","0.001153191447306273","3.6665260790524","3266.71","Error(0)","Reverted","Purchase",""
"0xf80ca4bf95851ab59c315ac20d2d8b0c14d09919f3b4141a9b353e41facf9ed9","13025929","1628979115","2021-08-14 22:11:55","0x5ea9681c3ab9b5739810f8b91ae65ec47de62119","0x78997e9e939daffe7eb9ed114fbf7128d0cfcd39","","0","0.05","158.973","0.001153191447306273","3.6665260790524","3266.71","Error(0)","Reverted","Purchase",""
"0x7585f915ab8359a9910b97575ec72782eb011e9fa6e21fd7897c1f92fd26a580","13025929","1628979115","2021-08-14 22:11:55","0x5ea9681c3ab9b5739810f8b91ae65ec47de62119","0x78997e9e939daffe7eb9ed114fbf7128d0cfcd39","","0","0.03","95.3838","0.001179350634859862","3.74969816951154","3266.71","Error(0)","Reverted","Purchase",""
"0x22fc3b6b14ae89c0fb03490f1d10c7260bc89f534fd3261d4182c19ec715a379","13025929","1628979115","2021-08-14 22:11:55","0x5ea9681c3ab9b5739810f8b91ae65ec47de62119","0x78997e9e939daffe7eb9ed114fbf7128d0cfcd39","","0","0.015","47.6919","0.001130027115791904","3.59287601357573","3266.71","Error(0)","Reverted","Purchase",""
"0x67284be38ab32bd8bc4a0f2ec4ee002685af3a9bf22f0aca5830ef33593ff767","13025952","1628979414","2021-08-14 22:16:54","0x5ea9681c3ab9b5739810f8b91ae65ec47de62119","0x78997e9e939daffe7eb9ed114fbf7128d0cfcd39","","0","0.01","31.7946","0.004515592468421754","14.3571456296482","3266.71","","","Purchase",""
"0x22a4140f037841eeb33ed43a30f70354f7fbff390edd78d79f1173f83f14eda6","13025952","1628979414","2021-08-14 22:16:54","0x5ea9681c3ab9b5739810f8b91ae65ec47de62119","0x78997e9e939daffe7eb9ed114fbf7128d0cfcd39","","0","0.01","31.7946","0.006544596578506659","20.8082830374988","3266.71","","","Purchase",""
"0x4e3623658ebc82ddf1eb65dd2be0d97b84645344d02002a5c7ab72f119b90ec5","13026197","1628982328","2021-08-14 23:05:28","0x5ea9681c3ab9b5739810f8b91ae65ec47de62119","0x78997e9e939daffe7eb9ed114fbf7128d0cfcd39","","0","0.01","31.7946","0.003613238982110997","11.4881488140626","3266.71","","","Purchase",""
"0x2ce6d4d5ddf49c03e565c8abce113be0361f4fd2f3a199499793aaf7940c9aaa","13026197","1628982328","2021-08-14 23:05:28","0x5ea9681c3ab9b5739810f8b91ae65ec47de62119","0x78997e9e939daffe7eb9ed114fbf7128d0cfcd39","","0","0.01","31.7946","0.003613238982110997","11.4881488140626","3266.71","","","Purchase",""
"0xb278438028058566773a5490a8211d4fef0493d530fca30637e58ba28d514863","13026197","1628982328","2021-08-14 23:05:28","0x5ea9681c3ab9b5739810f8b91ae65ec47de62119","0x78997e9e939daffe7eb9ed114fbf7128d0cfcd39","","0","0.015","47.6919","0.003613238982110997","11.4881488140626","3266.71","","","Purchase",""
"0xe8549c399a5f0c419d931659aa6cc8c18e328fec69b01a6d54a2efc51b4ab036","13026205","1628982412","2021-08-14 23:06:52","0x5ea9681c3ab9b5739810f8b91ae65ec47de62119","0x78997e9e939daffe7eb9ed114fbf7128d0cfcd39","","0","0.03","95.3838","0.003077716729924035","9.78547723412427","3266.71","","","Purchase",""
"0x1602c06ec8010036049d1cecf3cde712758c18535ea346574c227ba964aa4ff8","13026205","1628982412","2021-08-14 23:06:52","0x5ea9681c3ab9b5739810f8b91ae65ec47de62119","0x78997e9e939daffe7eb9ed114fbf7128d0cfcd39","","0","0.025","79.4865","0.003077716729924035","9.78547723412427","3266.71","","","Purchase",""
"0x8132062cfffaadb805f6a9beb54fac0380380217800a0a49a18e7326556db2e5","13026205","1628982412","2021-08-14 23:06:52","0x5ea9681c3ab9b5739810f8b91ae65ec47de62119","0x78997e9e939daffe7eb9ed114fbf7128d0cfcd39","","0","0.01","31.7946","0.003441226641983757","10.9412424591217","3266.71","","","Purchase",""
"0x9f1d337ca6b7892a302931cbb78a75797feaf93ad42e31c24fa9f3873f6c7a9c","13026210","1628982493","2021-08-14 23:08:13","0x5ea9681c3ab9b5739810f8b91ae65ec47de62119","0x78997e9e939daffe7eb9ed114fbf7128d0cfcd39","","0","0.01","31.7946","0.003441226641983757","10.9412424591217","3266.71","","","Purchase",""
"0x5c2c6030850d2428261e20b093ab9440c532f28d050654a157ada5dd04e60ff2","13026210","1628982493","2021-08-14 23:08:13","0x5ea9681c3ab9b5739810f8b91ae65ec47de62119","0x78997e9e939daffe7eb9ed114fbf7128d0cfcd39","","0","0.01","31.7946","0.003441226641983757","10.9412424591217","3266.71","","","Purchase",""
"0xd3647578528a4bc79ae883ea74ad0db7067323a4751a4a9b171ca77ef6e80123","13026210","1628982493","2021-08-14 23:08:13","0x5ea9681c3ab9b5739810f8b91ae65ec47de62119","0x78997e9e939daffe7eb9ed114fbf7128d0cfcd39","","0","0.01","31.7946","0.003441226641983757","10.9412424591217","3266.71","","","Purchase",""
"0xb4d5788e295c993d114d19a980731d4a8c70aee6039d48832e234c94780bef4b","13026210","1628982493","2021-08-14 23:08:13","0x5ea9681c3ab9b5739810f8b91ae65ec47de62119","0x78997e9e939daffe7eb9ed114fbf7128d0cfcd39","","0","0.01","31.7946","0.003441226641983757","10.9412424591217","3266.71","","","Purchase",""
"0x02efafdaed0232e07ec0c4b2b9f72ebd5af64536c9a5789ddb0930b3c62bff04","13026210","1628982493","2021-08-14 23:08:13","0x5ea9681c3ab9b5739810f8b91ae65ec47de62119","0x78997e9e939daffe7eb9ed114fbf7128d0cfcd39","","0","0.01","31.7946","0.003441226641983757","10.9412424591217","3266.71","","","Purchase",""
"0xb2dc4c428376f3122f1e20a1d3e1d84e75ef8840130d6ee155717ce514464ab3","13026210","1628982493","2021-08-14 23:08:13","0x5ea9681c3ab9b5739810f8b91ae65ec47de62119","0x78997e9e939daffe7eb9ed114fbf7128d0cfcd39","","0","0.01","31.7946","0.003441226641983757","10.9412424591217","3266.71","","","Purchase",""
"0x2d44fd4b8fbb5f1ea2e5cba71672a11e3f789932aaa89cf22d4aac045ffb185a","13026210","1628982493","2021-08-14 23:08:13","0x5ea9681c3ab9b5739810f8b91ae65ec47de62119","0x78997e9e939daffe7eb9ed114fbf7128d0cfcd39","","0","0.01","31.7946","0.003441226641983757","10.9412424591217","3266.71","","","Purchase",""
"0x0affc3bde42957941531c25e6c7e0570773ad0835798f83e4732437dad7f7cfb","13026210","1628982493","2021-08-14 23:08:13","0x5ea9681c3ab9b5739810f8b91ae65ec47de62119","0x78997e9e939daffe7eb9ed114fbf7128d0cfcd39","","0","0.025","79.4865","0.003441226641983757","10.9412424591217","3266.71","","","Purchase",""
"0x1cba2c2e21d78fe56de457186665ed90ad40ee45214e6af0f94f3e90703903f3","13026221","1628982599","2021-08-14 23:09:59","0x5ea9681c3ab9b5739810f8b91ae65ec47de62119","0x78997e9e939daffe7eb9ed114fbf7128d0cfcd39","","0","0.1","317.946","0.00297969967102203","9.4738359160277","3266.71","","","Purchase",""
"0x9de2015af33c31335af27c49e93be400733a50bf1519003389ab637c756779d3","13026252","1628982982","2021-08-14 23:16:22","0x5ea9681c3ab9b5739810f8b91ae65ec47de62119","0x78997e9e939daffe7eb9ed114fbf7128d0cfcd39","","0","0.05","158.973","0.00297969967102203","9.4738359160277","3266.71","","","Purchase",""
"0x26300275f69c955f54b64f66c3d43b026d8b04cd5e6a59eafe9c0ab27810425d","13026329","1628983950","2021-08-14 23:32:30","0x5ea9681c3ab9b5739810f8b91ae65ec47de62119","0x78997e9e939daffe7eb9ed114fbf7128d0cfcd39","","0","0.1","317.946","0.003212517274987518","10.2140701751318","3266.71","","","Purchase",""
"0x34a129bc2cc47925c31f1c593aaec92af99485093a3e7ff5566bc8b0e660cfbd","13026331","1628983976","2021-08-14 23:32:56","0x5ea9681c3ab9b5739810f8b91ae65ec47de62119","0x78997e9e939daffe7eb9ed114fbf7128d0cfcd39","","0","1","3179.46","0.003583984000313034","11.3951337696353","3266.71","","","Purchase",""
"0x1196bb917be424fa4d56e7a4a2a8076df0bd73f90d72f824235ac431df1138e1","13026333","1628984016","2021-08-14 23:33:36","0x5ea9681c3ab9b5739810f8b91ae65ec47de62119","0x78997e9e939daffe7eb9ed114fbf7128d0cfcd39","","0","1","3179.46","0.00074948683410017","2.38296340954813","3266.71","Error(0)","Reverted","Purchase",""
"0x8c497da7b09b16b85f752378cae6b8f0ca7e234ea79da0ab1d2fc8444f7944d3","13026347","1628984174","2021-08-14 23:36:14","0x5ea9681c3ab9b5739810f8b91ae65ec47de62119","0x78997e9e939daffe7eb9ed114fbf7128d0cfcd39","","0","0.03","95.3838","0.003491150816955717","11.099974376478","3266.71","","","Purchase",""
"0xda5ced2646e4f9690172e738d05134c40d31d4db9ae1ae152a242e6067e2dac4","13026353","1628984230","2021-08-14 23:37:10","0x5ea9681c3ab9b5739810f8b91ae65ec47de62119","0x78997e9e939daffe7eb9ed114fbf7128d0cfcd39","","0","0.1","317.946","0.003279052364486868","10.4256158307914","3266.71","","","Purchase",""
"0xb897d8e8ba275277b63875719ea5b3bd928e829d0e340d10d1177d1326a51dfc","13026390","1628984777","2021-08-14 23:46:17","0x5ea9681c3ab9b5739810f8b91ae65ec47de62119","0x78997e9e939daffe7eb9ed114fbf7128d0cfcd39","","0","0.1","317.946","0.003724697224245888","11.8425258366008","3266.71","","","Purchase",""
"0xf24c145e470e8770067f5b72bbcf9e9b3ca5610659a0d07a5131f56eff206077","13026407","1628984950","2021-08-14 23:49:10","0x5ea9681c3ab9b5739810f8b91ae65ec47de62119","0x78997e9e939daffe7eb9ed114fbf7128d0cfcd39","","0","0.125","397.4325","0.003418132531452219","10.8678156584511","3266.71","","","Purchase",""
"0x3e2523c8fd2173e1b23ff00d758aad7c45580f2def4d711f3d83e605a518986d","13026414","1628985018","2021-08-14 23:50:18","0x5ea9681c3ab9b5739810f8b91ae65ec47de62119","0x78997e9e939daffe7eb9ed114fbf7128d0cfcd39","","0","1","3179.46","0.003616512002957718","11.4985552529239","3266.71","","","Purchase",""
"0x9f304d726efec5cdb072314c370dcc1324d5a8fa018009b854b69c14d638777e","13026422","1628985148","2021-08-14 23:52:28","0x5ea9681c3ab9b5739810f8b91ae65ec47de62119","0x78997e9e939daffe7eb9ed114fbf7128d0cfcd39","","0","0.1","317.946","0.003550738742764632","11.2894318030704","3266.71","","","Purchase",""
"0x5bc4205759573e9e43a8d7de7a37196603ece90460fc052f7a21a806c1d66043","13026427","1628985250","2021-08-14 23:54:10","0x5ea9681c3ab9b5739810f8b91ae65ec47de62119","0x78997e9e939daffe7eb9ed114fbf7128d0cfcd39","","0","0.5","1589.73","0.003530200113804375","11.2241300538365","3266.71","","","Purchase",""
"0x9f15df25c194974a78f06401ee533dc308803fafdcc49f42f149dd005c599775","13026431","1628985308","2021-08-14 23:55:08","0x5ea9681c3ab9b5739810f8b91ae65ec47de62119","0x78997e9e939daffe7eb9ed114fbf7128d0cfcd39","","0","0.4","1271.784","0.003517739240042538","11.1845112041456","3266.71","","","Purchase",""
"0xf79d7b17bae0ee46ab2ced8c4b4fc31fcac5d1f36dacf31a97affbd795db291d","13026523","1628986476","2021-08-15 00:14:36","0x5ea9681c3ab9b5739810f8b91ae65ec47de62119","0x78997e9e939daffe7eb9ed114fbf7128d0cfcd39","","0","0.3","953.838","0.001015778","3.22962551988","","Error(0)","Reverted","Purchase",""
"0xcac06b77860d09172a4f381f16b244f2fc88a9ad61e3719adf591212d8f1b2ef","13026527","1628986524","2021-08-15 00:15:24","0x5ea9681c3ab9b5739810f8b91ae65ec47de62119","0x78997e9e939daffe7eb9ed114fbf7128d0cfcd39","","0","1.5","4769.19","0.00329960034046656","10.4909472984998","","","","Purchase",""
"0xeff830442a1062912f8224cc474349bae4c56cd85a092de76da85a679db184c8","13026540","1628986671","2021-08-15 00:17:51","0x5ea9681c3ab9b5739810f8b91ae65ec47de62119","0x78997e9e939daffe7eb9ed114fbf7128d0cfcd39","","0","0.1","317.946","0.00461268","14.6658315528","","","","Purchase",""
"0xd1c42b3588ba911789a1d9f44ab8b2eeb68044b3fb2efe26d5ed62fb730e26cb","13026542","1628986684","2021-08-15 00:18:04","0x5ea9681c3ab9b5739810f8b91ae65ec47de62119","0x78997e9e939daffe7eb9ed114fbf7128d0cfcd39","","0","0.3","953.838","0.003019082229849276","9.59905118651658","","","","Purchase",""
"0xf756447749364a3d2eeeed9c80c8922a047f301e4f5d0964f170d2122c8fd058","13026542","1628986684","2021-08-15 00:18:04","0x5ea9681c3ab9b5739810f8b91ae65ec47de62119","0x78997e9e939daffe7eb9ed114fbf7128d0cfcd39","","0","0.1","317.946","0.003374006760469359","10.7275195346419","","","","Purchase",""
"0x27c721de83e08053d629c028884d86b1205ded47f73393f793a7cb1e35875439","13026542","1628986684","2021-08-15 00:18:04","0x5ea9681c3ab9b5739810f8b91ae65ec47de62119","0x78997e9e939daffe7eb9ed114fbf7128d0cfcd39","","0","0.1","317.946","0.003285495842548608","10.4461026115496","","","","Purchase",""
"0x6de16ae82cc4dc698f70deae451acf58353b9e6b613c413a287dec0e73ed1324","13026543","1628986687","2021-08-15 00:18:07","0x5ea9681c3ab9b5739810f8b91ae65ec47de62119","0x78997e9e939daffe7eb9ed114fbf7128d0cfcd39","","0","0.1","317.946","0.00296813045148291","9.43705204527185","","","","Purchase",""
"0x9a51b376e8cfbfcda9aa6e1e14d08c0fb23e189f2d35d9de95a5b47f965e043d","13026543","1628986687","2021-08-15 00:18:07","0x5ea9681c3ab9b5739810f8b91ae65ec47de62119","0x78997e9e939daffe7eb9ed114fbf7128d0cfcd39","","0","0.5","1589.73","0.003297810203640288","10.4852556300662","","","","Purchase",""
"0xf8be151b92ba6993741eeeba313b2f92e85ab6d4e64a6b34fab06e186f4e84c0","13026543","1628986687","2021-08-15 00:18:07","0x5ea9681c3ab9b5739810f8b91ae65ec47de62119","0x78997e9e939daffe7eb9ed114fbf7128d0cfcd39","","0","0.1","317.946","0.003297810203640288","10.4852556300662","","","","Purchase",""
"0x11efcd237e63b474f6034ca4ea65b1b446dbc273a858864bd51e0779e353b1e6","13026543","1628986687","2021-08-15 00:18:07","0x5ea9681c3ab9b5739810f8b91ae65ec47de62119","0x78997e9e939daffe7eb9ed114fbf7128d0cfcd39","","0","0.1","317.946","0.003297810203640288","10.4852556300662","","","","Purchase",""
"0x126c519bb48a114f7e42e2cff696099e14eb392f932637679b4608b78da52b16","13026543","1628986687","2021-08-15 00:18:07","0x5ea9681c3ab9b5739810f8b91ae65ec47de62119","0x78997e9e939daffe7eb9ed114fbf7128d0cfcd39","","0","0.38","1208.1948","0.003297810203640288","10.4852556300662","","","","Purchase",""
"0xbd700cca7dae35dedf58845db542109b72e06594d55afcf8df98e828d1e4eff1","13026543","1628986687","2021-08-15 00:18:07","0x5ea9681c3ab9b5739810f8b91ae65ec47de62119","0x78997e9e939daffe7eb9ed114fbf7128d0cfcd39","","0","0.25","794.865","0.003693446104024755","11.7431641499025","","","","Purchase",""
"0x5fe0f75cda0d5ff24bcd64fb202e7460d1bdedc45750db6d289261a8240e88f1","13026543","1628986687","2021-08-15 00:18:07","0x5ea9681c3ab9b5739810f8b91ae65ec47de62119","0x78997e9e939daffe7eb9ed114fbf7128d0cfcd39","","0","0.05","158.973","0.003274350024942783","10.4106649303046","","","","Purchase",""
"0x126561042bf6ea010390ea26b1e2323188fb0ab9856b8a93375957535654f7b2","13026543","1628986687","2021-08-15 00:18:07","0x5ea9681c3ab9b5739810f8b91ae65ec47de62119","0x78997e9e939daffe7eb9ed114fbf7128d0cfcd39","","0","0.2","635.892","0.003274350024942783","10.4106649303046","","","","Purchase",""
"0xb9ad5e7ce1ab137a205f3c46a10b0e1a10e96de06d850f538c7565bdef5cd2f6","13026543","1628986687","2021-08-15 00:18:07","0x5ea9681c3ab9b5739810f8b91ae65ec47de62119","0x78997e9e939daffe7eb9ed114fbf7128d0cfcd39","","0","0.1","317.946","0.003471882989638284","11.0387130902353","","","","Purchase",""
"0x861d11deaaa4bc5515d6f9be6b45c1a11c8c582c6ce4c5fabe9034807686169e","13026543","1628986687","2021-08-15 00:18:07","0x5ea9681c3ab9b5739810f8b91ae65ec47de62119","0x78997e9e939daffe7eb9ed114fbf7128d0cfcd39","","0","0.1","317.946","0.003471882989638284","11.0387130902353","","","","Purchase",""
"0x67194d86bbf094b43abe52b9b9ceaa33fde4184f47898ea118c95abc0d9ba304","13026543","1628986687","2021-08-15 00:18:07","0x5ea9681c3ab9b5739810f8b91ae65ec47de62119","0x78997e9e939daffe7eb9ed114fbf7128d0cfcd39","","0","0.1","317.946","0.00388744189195761","12.3599659978035","","Error(0)","Out of gas","Purchase",""
"0xfd6a3bb3d2234ab2f2a17b0a376d7441490a70aab9c70a24dcb67790b2e65630","13026543","1628986687","2021-08-15 00:18:07","0x5ea9681c3ab9b5739810f8b91ae65ec47de62119","0x78997e9e939daffe7eb9ed114fbf7128d0cfcd39","","0","0.1","317.946","0.00345951","10.9993736646","","","","Purchase",""
"0x6ac8a39e64f27593d75845737c1f8509c2b1d0b090ee415c92b545834b5c8869","13026543","1628986687","2021-08-15 00:18:07","0x5ea9681c3ab9b5739810f8b91ae65ec47de62119","0x78997e9e939daffe7eb9ed114fbf7128d0cfcd39","","0","0.1","317.946","0.00080229","2.5508489634","","Error(0)","Reverted","Purchase",""
"0xc8f373b54bdb549bd136a2b0ac3cd95edc5ffcfcd5b7deee686a7f710fb1c0b7","13026543","1628986687","2021-08-15 00:18:07","0x5ea9681c3ab9b5739810f8b91ae65ec47de62119","0x78997e9e939daffe7eb9ed114fbf7128d0cfcd39","","0","0.1","317.946","0.00345915","10.998229059","","","","Purchase",""
"0xba68bd4ca6c79d1715543242b0eda4eaabaa47fa48e010cb4136beb1321a7a47","13026543","1628986687","2021-08-15 00:18:07","0x5ea9681c3ab9b5739810f8b91ae65ec47de62119","0x78997e9e939daffe7eb9ed114fbf7128d0cfcd39","","0","0.05","158.973","0.000787551848539779","2.50398960035829","","Error(0)","Reverted","Purchase",""
"0x202d9819739284f2d4ccdec00c96b71db0c5b6d812cd30a8559d53b74949f270","13026543","1628986687","2021-08-15 00:18:07","0x5ea9681c3ab9b5739810f8b91ae65ec47de62119","0x78997e9e939daffe7eb9ed114fbf7128d0cfcd39","","0","1.5","4769.19","0.000719144204852284","2.28649023355964","","Error(0)","Reverted","Purchase",""
"0x501a7c768d71abfb387cff557a9ab8661a24f7fa6eab3bad379ad79b70e4a6d0","13026760","1628989852","2021-08-15 01:10:52","0x5ea9681c3ab9b5739810f8b91ae65ec47de62119","0x78997e9e939daffe7eb9ed114fbf7128d0cfcd39","","0","0.5","1589.73","0.003318856705158876","10.5521721397844","","","","Purchase",""
"0x45a944d7a8b4816b78b130b258bdd7d63392b274db442e0cd5586bcabc697cb1","13026770","1628989977","2021-08-15 01:12:57","0x5ea9681c3ab9b5739810f8b91ae65ec47de62119","0x78997e9e939daffe7eb9ed114fbf7128d0cfcd39","","0","0.5","1589.73","0.003047590241628327","9.6896912696476","","","","Purchase",""
"0x314079dc0b7176f20ea7fe962a1bdd4e169a29074ee9c3714b6d5ad402bfe390","13026770","1628989977","2021-08-15 01:12:57","0x5ea9681c3ab9b5739810f8b91ae65ec47de62119","0x78997e9e939daffe7eb9ed114fbf7128d0cfcd39","","0","0.5","1589.73","0.003047590241628327","9.6896912696476","","","","Purchase",""
"0x3fa27b124e0ef746dc2f636e1dd3c30f564dc373847a69c3ca2aea31094b8af8","13026770","1628989977","2021-08-15 01:12:57","0x5ea9681c3ab9b5739810f8b91ae65ec47de62119","0x78997e9e939daffe7eb9ed114fbf7128d0cfcd39","","0","0.5","1589.73","0.003047590241628327","9.6896912696476","","","","Purchase",""
"0x1cfee2e38a3ac4d68d76825b993b33685de183ff6abee365acc5abd55b0ed30e","13027574","1629001199","2021-08-15 04:19:59","0x5ea9681c3ab9b5739810f8b91ae65ec47de62119","0x78997e9e939daffe7eb9ed114fbf7128d0cfcd39","","0","2","6358.92","0.004779111800625462","15.1949948056166","","","","Purchase",""
"0xc153f0ec0527e742f2c769b60bd034b3848cb7abd2fc7d2aa873c961660cdde4","13027628","1629002045","2021-08-15 04:34:05","0x5ea9681c3ab9b5739810f8b91ae65ec47de62119","0x78997e9e939daffe7eb9ed114fbf7128d0cfcd39","","0","1","3179.46","0.004627909208950839","14.7142522134908","","","","Purchase",""
"0x4310070d5edb98a5679f54cf602ce4ba5902c706df01cc29e97edcd94e1ef363","13027629","1629002046","2021-08-15 04:34:06","0x5ea9681c3ab9b5739810f8b91ae65ec47de62119","0x78997e9e939daffe7eb9ed114fbf7128d0cfcd39","","0","1","3179.46","0.004689581432452839","14.9103365812265","","","","Purchase",""
"0x28de9a89a6c7269b34357b3e8dd8bb5c218ca61576d99f8ce2653f901f81eeec","13027629","1629002046","2021-08-15 04:34:06","0x5ea9681c3ab9b5739810f8b91ae65ec47de62119","0x78997e9e939daffe7eb9ed114fbf7128d0cfcd39","","0","1","3179.46","0.004689581432452839","14.9103365812265","","","","Purchase",""
"0xe7207277777de17e9164c19db7988e60239d91cbf0fd5345e1f45c4b6845f9ef","13027835","1629004866","2021-08-15 05:21:06","0x5ea9681c3ab9b5739810f8b91ae65ec47de62119","0x78997e9e939daffe7eb9ed114fbf7128d0cfcd39","","0","10","31794.6","0.004036095","12.8326026087","","","","Purchase",""
"0xa050f1f710efa5368fe7b29be52717f84f45940d5e8a77915c48f259bdf45dc1","13027838","1629004921","2021-08-15 05:22:01","0x5ea9681c3ab9b5739810f8b91ae65ec47de62119","0x78997e9e939daffe7eb9ed114fbf7128d0cfcd39","","0","11","34974.06","0.003248298043970409","10.3278336988822","","","","Purchase",""
"0xa622766ab84e1d7a1b6a7146c1989f490a8225ee2b1896c8461fbc5d67b2ae2d","13027901","1629005686","2021-08-15 05:34:46","0x5ea9681c3ab9b5739810f8b91ae65ec47de62119","0x78997e9e939daffe7eb9ed114fbf7128d0cfcd39","","0","1","3179.46","0.00327109882851669","10.4003278813157","","","","Purchase",""
"0x67a7b445f108cd042a42a9c71ebe9a81e466cc654d311da26c06e29ea5156b9f","13028025","1629007188","2021-08-15 05:59:48","0x5ea9681c3ab9b5739810f8b91ae65ec47de62119","0x78997e9e939daffe7eb9ed114fbf7128d0cfcd39","","0","3","9538.38","0.003029419741246425","9.63191889050336","","","","Purchase",""
